Close,Year-Month
23.159894943237305,2016-03
23.218772888183594,2016-03
23.685325622558594,2016-03
24.00013542175293,2016-03
23.961633682250977,2016-03
23.988813400268555,2016-03
23.986543655395508,2016-03
24.170001983642575,2016-03
24.0363712310791,2016-03
23.93218994140625,2016-03
23.8234806060791,2016-03
24.38741111755371,2016-03
24.813194274902344,2016-03
24.68410301208496,2016-03
24.910585403442383,2016-04
25.16651153564453,2016-04
24.86981773376465,2016-04
25.130273818969727,2016-04
24.58219337463379,2016-04
24.6093692779541,2016-04
24.690895080566406,2016-04
25.01250457763672,2016-04
25.37486267089844,2016-04
25.38846206665039,2016-04
24.87887382507324,2016-04
24.342121124267575,2016-04
24.213024139404297,2016-04
24.262849807739254,2016-04
24.00013542175293,2016-04
23.93445587158203,2016-04
23.79857063293457,2016-04
23.63323402404785,2016-04
22.154314041137695,2016-04
21.47713851928711,2016-04
21.23027610778809,2016-04
21.207632064819336,2016-05
21.55640411376953,2016-05
21.332191467285156,2016-05
21.245607376098633,2016-05
21.12712287902832,2016-05
21.143068313598633,2016-05
21.286624908447266,2016-05
21.079275131225582,2016-05
20.584819793701172,2016-05
20.625831604003903,2016-05
21.391437530517575,2016-05
21.302576065063477,2016-05
21.546384811401367,2016-05
21.464351654052734,2016-05
21.696767807006836,2016-05
21.97247886657715,2016-05
22.30743408203125,2016-05
22.69934844970703,2016-05
22.87936210632324,2016-05
22.86568832397461,2016-05
22.754037857055664,2016-05
22.435029983520508,2016-06
22.266414642333984,2016-06
22.311981201171875,2016-06
22.47377014160156,2016-06
22.564916610717773,2016-06
22.54440689086914,2016-06
22.70619201660156,2016-06
22.519346237182617,2016-06
22.179832458496097,2016-06
22.20718002319336,2016-06
22.134258270263672,2016-06
22.227684020996097,2016-06
21.721832275390625,2016-06
21.66942596435547,2016-06
21.85399627685547,2016-06
21.77196502685547,2016-06
21.897281646728516,2016-06
21.28206443786621,2016-06
20.97217559814453,2016-06
21.325359344482425,2016-06
21.509937286376953,2016-06
21.783355712890625,2016-06
21.84943962097168,2016-07
21.644365310668945,2016-07
21.767410278320312,2016-07
21.86082649230957,2016-07
22.029447555541992,2016-07
22.097801208496097,2016-07
22.19805908203125,2016-07
22.072738647460938,2016-07
22.510229110717773,2016-07
22.507946014404297,2016-07
22.7471981048584,2016-07
22.756317138671875,2016-07
22.77682876586914,2016-07
22.65605926513672,2016-07
22.480607986450195,2016-07
22.179832458496097,2016-07
22.027164459228516,2016-07
23.458120346069336,2016-07
23.774852752685547,2016-07
23.74522590637207,2016-07
24.164487838745117,2016-08
23.80674934387207,2016-08
24.105243682861328,2016-08
24.2541561126709,2016-08
24.62299919128418,2016-08
24.826892852783203,2016-08
24.927690505981445,2016-08
24.742122650146484,2016-08
24.726083755493164,2016-08
24.783361434936523,2016-08
25.08118057250977,2016-08
25.058273315429688,2016-08
25.021617889404297,2016-08
24.98954391479492,2016-08
25.053695678710938,2016-08
24.858964920043945,2016-08
24.93685531616211,2016-08
24.74899101257324,2016-08
24.643617630004883,2016-08
24.499282836914062,2016-08
24.4717960357666,2016-08
24.283939361572266,2016-08
24.306846618652344,2016-08
24.451171875,2016-09
24.680269241333008,2016-09
24.67339134216309,2016-09
24.824594497680664,2016-09
24.173973083496097,2016-09
23.626436233520508,2016-09
24.15564346313477,2016-09
24.73067092895508,2016-09
25.605812072753903,2016-09
26.476364135742188,2016-09
26.327449798583984,2016-09
26.02046775817871,2016-09
26.018177032470703,2016-09
26.013593673706055,2016-09
26.25872039794922,2016-09
25.82115364074707,2016-09
25.8601016998291,2016-09
25.908214569091797,2016-09
26.105234146118164,2016-09
25.69973945617676,2016-09
25.8990478515625,2016-09
25.77763557434082,2016-10
25.88759422302246,2016-10
25.8990478515625,2016-10
26.091482162475582,2016-10
26.13043212890625,2016-10
26.58633041381836,2016-10
26.64359664916992,2016-10
26.881855010986328,2016-10
26.799386978149418,2016-10
26.948301315307617,2016-10
26.92997169494629,2016-10
26.911643981933594,2016-10
26.83146095275879,2016-10
26.817710876464844,2016-10
26.712331771850582,2016-10
26.952882766723633,2016-10
27.090335845947266,2016-10
26.480941772460938,2016-10
26.226652145385746,2016-10
26.05253791809082,2016-10
26.011302947998047,2016-10
25.541656494140625,2016-11
25.564565658569336,2016-11
25.29054832458496,2016-11
25.062576293945312,2016-11
25.424102783203125,2016-11
25.57378387451172,2016-11
25.53233337402344,2016-11
24.82080078125,2016-11
24.96817398071289,2016-11
24.34183692932129,2016-11
24.664215087890625,2016-11
25.3273983001709,2016-11
25.31818389892578,2016-11
25.343517303466797,2016-11
25.72806167602539,2016-11
25.744178771972656,2016-11
25.61293029785156,2016-11
25.741878509521484,2016-11
25.691221237182617,2016-11
25.665891647338867,2016-11
25.449438095092773,2016-11
25.212257385253903,2016-12
25.30666732788086,2016-12
25.124757766723633,2016-12
25.31818389892578,2016-12
25.56687355041504,2016-12
25.817869186401367,2016-12
26.239269256591797,2016-12
26.0895938873291,2016-12
26.524797439575195,2016-12
26.524797439575195,2016-12
26.66987037658691,2016-12
26.70440673828125,2016-12
26.85868453979492,2016-12
26.930072784423828,2016-12
26.955400466918945,2016-12
26.778099060058594,2016-12
26.831052780151367,2016-12
27.001455307006836,2016-12
26.886320114135746,2016-12
26.87941551208496,2016-12
26.66987037658691,2016-12
26.745853424072266,2017-01
26.715919494628903,2017-01
26.85177993774414,2017-01
27.151134490966797,2017-01
27.399824142456055,2017-01
27.427459716796875,2017-01
27.5748291015625,2017-01
27.45969009399414,2017-01
27.411340713500977,2017-01
27.63239860534668,2017-01
27.63009452819824,2017-01
27.58173370361328,2017-01
27.63239860534668,2017-01
27.65081214904785,2017-01
27.62548828125,2017-01
28.065298080444336,2017-01
28.07912254333496,2017-01
28.081422805786133,2017-01
28.007734298706055,2017-01
27.94325828552246,2017-01
29.647253036499023,2017-02
29.596599578857425,2017-02
29.723243713378903,2017-02
30.001867294311523,2017-02
30.28741455078125,2017-02
30.404855728149418,2017-02
30.62455177307129,2017-02
30.555173873901367,2017-02
30.825754165649418,2017-02
31.225845336914062,2017-02
31.33917236328125,2017-02
31.30217170715332,2017-02
31.38773536682129,2017-02
31.614391326904297,2017-02
31.709211349487305,2017-02
31.575071334838867,2017-02
31.605133056640625,2017-02
31.66757583618164,2017-02
31.68145179748535,2017-02
32.32899475097656,2017-03
32.137046813964844,2017-03
32.32667922973633,2017-03
32.22493362426758,2017-03
32.26656723022461,2017-03
32.14630126953125,2017-03
32.0722770690918,2017-03
32.178680419921875,2017-03
32.19255447387695,2017-03
32.143985748291016,2017-03
32.48394775390625,2017-03
32.53713607788086,2017-03
32.37526321411133,2017-03
32.71522521972656,2017-03
32.3405647277832,2017-03
32.70596694946289,2017-03
32.59033203125,2017-03
32.52558898925781,2017-03
32.58108901977539,2017-03
33.25638961791992,2017-03
33.33039093017578,2017-03
33.28645324707031,2017-03
33.22400665283203,2017-03
33.23326110839844,2017-04
33.480712890625,2017-04
33.307254791259766,2017-04
33.22400665283203,2017-04
33.150001525878906,2017-04
33.11068344116211,2017-04
32.7545280456543,2017-04
32.79383087158203,2017-04
32.62040328979492,2017-04
32.80078125,2017-04
32.65507888793945,2017-04
32.53483963012695,2017-04
32.941856384277344,2017-04
32.902549743652344,2017-04
33.21937942504883,2017-04
33.42520523071289,2017-04
33.22862243652344,2017-04
33.25407791137695,2017-04
33.22168731689453,2017-04
33.899314880371094,2017-05
34.11438751220703,2017-05
34.01032257080078,2017-05
33.88774108886719,2017-05
34.44972229003906,2017-05
35.38637161254883,2017-05
35.613006591796875,2017-05
35.44418716430664,2017-05
35.75071334838867,2017-05
36.250003814697266,2017-05
36.15709686279297,2017-05
36.10369491577149,2017-05
34.8914909362793,2017-05
35.42327880859375,2017-05
35.54403305053711,2017-05
35.760013580322266,2017-05
35.71587371826172,2017-05
35.60905075073242,2017-05
35.73212814331055,2017-05
35.671756744384766,2017-05
35.68567657470703,2017-05
35.4743766784668,2017-05
35.5718994140625,2017-06
36.09904479980469,2017-06
35.746063232421875,2017-06
35.86684036254883,2017-06
36.08046340942383,2017-06
35.992225646972656,2017-06
34.5965690612793,2017-06
33.769859313964844,2017-06
34.04155349731445,2017-06
33.70948028564453,2017-06
33.50743865966797,2017-06
33.03837585449219,2017-06
33.98350143432617,2017-06
33.67463684082031,2017-06
33.87434387207031,2017-06
33.81861877441406,2017-06
33.96956253051758,2017-06
33.862754821777344,2017-06
33.377384185791016,2017-06
33.86506652832031,2017-06
33.36579132080078,2017-06
33.44474411010742,2017-06
33.32398986816406,2017-07
33.46100997924805,2017-07
33.145164489746094,2017-07
33.48189926147461,2017-07
33.68623733520508,2017-07
33.7953987121582,2017-07
33.84416961669922,2017-07
34.31557846069336,2017-07
34.61050033569336,2017-07
34.731258392333984,2017-07
34.85200119018555,2017-07
35.070308685302734,2017-07
34.912391662597656,2017-07
34.896141052246094,2017-07
35.31878662109375,2017-07
35.469722747802734,2017-07
35.63692855834961,2017-07
34.96348190307617,2017-07
34.717323303222656,2017-07
34.53850555419922,2017-07
34.84505081176758,2017-08
36.49150848388672,2017-08
36.12691116333008,2017-08
36.31732940673828,2017-08
36.87932205200195,2017-08
37.17423248291016,2017-08
37.401817321777344,2017-08
36.21051025390625,2017-08
36.71407699584961,2017-08
37.26658630371094,2017-08
37.67459487915039,2017-08
37.5230598449707,2017-08
36.80265808105469,2017-08
36.71873474121094,2017-08
36.6511344909668,2017-08
37.25028610229492,2017-08
37.29690170288086,2017-08
37.131378173828125,2017-08
37.26892852783203,2017-08
37.644287109375,2017-08
37.979984283447266,2017-08
38.08258056640625,2017-08
38.234107971191406,2017-08
38.24578475952149,2017-09
37.7864990234375,2017-09
37.746856689453125,2017-09
37.5953254699707,2017-09
36.982177734375,2017-09
37.651275634765625,2017-09
37.502071380615234,2017-09
37.219966888427734,2017-09
36.90058517456055,2017-09
37.27360153198242,2017-09
36.99150848388672,2017-09
37.00548553466797,2017-09
36.38536071777344,2017-09
35.76054763793945,2017-09
35.41085433959961,2017-09
35.09846115112305,2017-09
35.7022590637207,2017-09
35.956382751464844,2017-09
35.73490524291992,2017-09
35.93074035644531,2017-09
35.85845947265625,2017-10
36.014671325683594,2017-10
35.78153610229492,2017-10
36.22682189941406,2017-10
36.205848693847656,2017-10
36.33172607421875,2017-10
36.345726013183594,2017-10
36.49725341796875,2017-10
36.3690299987793,2017-10
36.59983825683594,2017-10
37.27360153198242,2017-10
37.4111328125,2017-10
37.24563217163086,2017-10
36.36436080932617,2017-10
36.42731475830078,2017-10
36.40867614746094,2017-10
36.625484466552734,2017-10
36.46461486816406,2017-10
36.6977653503418,2017-10
38.01263046264648,2017-10
38.86824798583984,2017-10
39.409122467041016,2017-10
38.907867431640625,2017-11
39.192291259765625,2017-11
40.215763092041016,2017-11
40.623741149902344,2017-11
40.75429916381836,2017-11
41.087677001953125,2017-11
41.00375747680664,2017-11
40.8680534362793,2017-11
40.70426940917969,2017-11
40.08892059326172,2017-11
39.56014251708984,2017-11
40.03277587890625,2017-11
39.81049346923828,2017-11
39.77072525024414,2017-11
40.510066986083984,2017-11
40.93590545654297,2017-11
40.93824768066406,2017-11
40.73235321044922,2017-11
40.49370574951172,2017-11
39.65372848510742,2017-11
40.208255767822266,2017-11
40.02107238769531,2017-12
39.72861099243164,2017-12
39.6911735534668,2017-12
39.54376220703125,2017-12
39.616302490234375,2017-12
39.62799072265625,2017-12
40.40009689331055,2017-12
40.17316055297851,2017-12
40.3065185546875,2017-12
40.29481887817383,2017-12
40.70426940917969,2017-12
41.27750396728515,2017-12
40.83761978149414,2017-12
40.79318618774414,2017-12
40.94759368896485,2017-12
40.94759368896485,2017-12
39.90876770019531,2017-12
39.9157829284668,2017-12
40.02809143066406,2017-12
39.595237731933594,2017-12
40.30418014526367,2018-01
40.29716110229492,2018-01
40.484336853027344,2018-01
40.94525909423828,2018-01
40.79318618774414,2018-01
40.78849411010742,2018-01
40.77913284301758,2018-01
41.01076889038086,2018-01
41.43426132202149,2018-01
41.22369384765625,2018-01
41.90455627441406,2018-01
41.94198226928711,2018-01
41.75480651855469,2018-01
41.41321563720703,2018-01
41.42255783081055,2018-01
40.76276779174805,2018-01
40.03511047363281,2018-01
40.12870407104492,2018-01
39.298091888427734,2018-01
39.06645202636719,2018-01
39.1740837097168,2018-01
39.255985260009766,2018-02
37.55265808105469,2018-02
36.61441802978515,2018-02
38.14461517333984,2018-02
37.32804107666016,2018-02
36.3009147644043,2018-02
36.74489974975586,2018-02
38.22494888305664,2018-02
38.60788345336914,2018-02
39.3197021484375,2018-02
40.639991760253906,2018-02
40.508445739746094,2018-02
40.37218475341797,2018-02
40.18893814086914,2018-02
40.5248908996582,2018-02
41.22965621948242,2018-02
42.04485702514648,2018-02
41.90860366821289,2018-02
41.845176696777344,2018-02
41.1121940612793,2018-03
41.396461486816406,2018-03
41.539772033691406,2018-03
41.50452423095703,2018-03
41.11924743652344,2018-03
41.56795883178711,2018-03
42.28212356567383,2018-03
42.6909065246582,2018-03
42.27978515625,2018-03
41.92034149169922,2018-03
41.96967315673828,2018-03
41.82168197631836,2018-03
41.18268966674805,2018-03
41.1685905456543,2018-03
40.23592376708984,2018-03
39.66739273071289,2018-03
38.748836517333984,2018-03
40.58831787109375,2018-03
39.54758834838867,2018-03
39.11061477661133,2018-03
39.41603469848633,2018-03
39.15760803222656,2018-04
39.559326171875,2018-04
40.315799713134766,2018-04
40.59535598754883,2018-04
39.556983947753906,2018-04
39.94931411743164,2018-04
40.701080322265625,2018-04
40.51079177856445,2018-04
40.91015625,2018-04
41.04877471923828,2018-04
41.30484771728515,2018-04
41.87336349487305,2018-04
41.779396057128906,2018-04
40.59535598754883,2018-04
38.93208312988281,2018-04
38.819313049316406,2018-04
38.27898406982422,2018-04
38.44578170776367,2018-04
38.579689025878906,2018-04
38.13332748413086,2018-04
38.824005126953125,2018-04
39.72612762451172,2018-05
41.48103332519531,2018-05
41.556209564208984,2018-05
43.18660354614258,2018-05
43.49905776977539,2018-05
43.7081413269043,2018-05
44.01590347290039,2018-05
44.6454963684082,2018-05
44.4756965637207,2018-05
44.371925354003906,2018-05
43.96866226196289,2018-05
44.37901306152344,2018-05
44.098358154296875,2018-05
43.9379997253418,2018-05
44.24930191040039,2018-05
44.13845443725586,2018-05
44.42146301269531,2018-05
44.371925354003906,2018-05
44.47333526611328,2018-05
44.31298065185547,2018-05
44.21864700317383,2018-05
44.07007598876953,2018-05
44.86481475830078,2018-06
45.23980712890625,2018-06
45.58882522583008,2018-06
45.746829986572266,2018-06
45.624210357666016,2018-06
45.20914459228515,2018-06
45.09829330444336,2018-06
45.34592056274414,2018-06
44.97331237792969,2018-06
44.99688720703125,2018-06
44.53466033935547,2018-06
44.51107025146485,2018-06
43.791778564453125,2018-06
43.982810974121094,2018-06
43.737548828125,2018-06
43.61019515991211,2018-06
42.96165466308594,2018-06
43.494632720947266,2018-06
43.43095779418945,2018-06
43.74696731567383,2018-06
43.65500259399414,2018-06
44.1431770324707,2018-07
43.37436294555664,2018-07
43.723392486572266,2018-07
44.32948303222656,2018-07
44.94499206542969,2018-07
44.89076614379883,2018-07
44.30825424194336,2018-07
45.0511360168457,2018-07
45.121883392333984,2018-07
45.02283477783203,2018-07
45.15019226074219,2018-07
44.902565002441406,2018-07
45.251590728759766,2018-07
45.147830963134766,2018-07
45.18790817260742,2018-07
45.51572036743164,2018-07
45.944942474365234,2018-07
45.801082611083984,2018-07
45.03934097290039,2018-07
44.78700637817383,2018-07
44.87661361694336,2018-07
47.52031326293945,2018-08
48.90935134887695,2018-08
49.05085754394531,2018-08
49.30555725097656,2018-08
48.84332656860352,2018-08
48.87633514404297,2018-08
49.260738372802734,2018-08
49.114017486572266,2018-08
49.43113327026367,2018-08
49.6394157409668,2018-08
49.755367279052734,2018-08
50.48428726196289,2018-08
51.492454528808594,2018-08
50.99073791503906,2018-08
50.891334533691406,2018-08
50.89369583129883,2018-08
50.997825622558594,2018-08
51.15639114379883,2018-08
51.57765197753906,2018-08
51.99417495727539,2018-08
52.77042007446289,2018-08
53.25555419921875,2018-08
53.87088394165039,2018-08
54.04364776611328,2018-09
53.6910400390625,2018-09
52.79882049560547,2018-09
52.372825622558594,2018-09
51.669944763183594,2018-09
52.97629928588867,2018-09
52.318389892578125,2018-09
53.582149505615234,2018-09
52.97393798828125,2018-09
51.56346130371094,2018-09
51.648643493652344,2018-09
51.67941665649414,2018-09
52.07225799560547,2018-09
51.511375427246094,2018-09
52.25212097167969,2018-09
52.58345031738281,2018-09
52.16455841064453,2018-09
53.23661804199219,2018-09
53.42359161376953,2018-09
53.78330993652344,2018-10
54.26137161254883,2018-10
54.92164611816406,2018-10
53.956077575683594,2018-10
53.08043670654297,2018-10
52.9573860168457,2018-10
53.6910400390625,2018-10
51.20371627807617,2018-10
50.75170135498047,2018-10
52.56452560424805,2018-10
51.44038391113281,2018-10
52.57398223876953,2018-10
52.34679412841797,2018-10
51.12325668334961,2018-10
51.9018669128418,2018-10
52.218994140625,2018-10
52.71124267578125,2018-10
50.90316390991211,2018-10
52.01784133911133,2018-10
51.18952941894531,2018-10
50.22868728637695,2018-10
50.47954177856445,2018-10
51.795372009277344,2018-10
52.590545654296875,2018-11
49.10218048095703,2018-11
47.708251953125,2018-11
48.22417449951172,2018-11
49.686737060546875,2018-11
49.51337432861328,2018-11
48.558685302734375,2018-11
46.11258316040039,2018-11
45.65184783935547,2018-11
44.3623046875,2018-11
45.45711898803711,2018-11
45.9605827331543,2018-11
44.13908004760742,2018-11
42.03019714355469,2018-11
41.98270034790039,2018-11
40.91639709472656,2018-11
41.46973419189453,2018-11
41.379493713378906,2018-11
42.97063827514648,2018-11
42.64054870605469,2018-11
42.41017532348633,2018-11
43.89208984375,2018-12
41.961334228515625,2018-12
41.49348449707031,2018-12
40.01395034790039,2018-12
40.277565002441406,2018-12
40.04719924926758,2018-12
40.15882110595703,2018-12
40.59815979003906,2018-12
39.29911422729492,2018-12
38.93339538574219,2018-12
39.43922805786133,2018-12
38.20906066894531,2018-12
37.24485778808594,2018-12
35.79620361328125,2018-12
34.869998931884766,2018-12
37.32561111450195,2018-12
37.0833740234375,2018-12
37.10236740112305,2018-12
37.46098327636719,2018-12
37.50372695922851,2019-01
33.768070220947266,2019-01
35.20960998535156,2019-01
35.13124084472656,2019-01
35.800960540771484,2019-01
36.4089241027832,2019-01
36.5252799987793,2019-01
36.16667938232422,2019-01
35.62282943725586,2019-01
36.351924896240234,2019-01
36.7960205078125,2019-01
37.01449966430664,2019-01
37.24249267578125,2019-01
36.40653610229492,2019-01
36.55377960205078,2019-01
36.26405334472656,2019-01
37.465728759765625,2019-01
37.11901092529297,2019-01
36.73427200317383,2019-01
39.2444953918457,2019-01
39.527095794677734,2019-01
39.54610824584961,2019-02
40.669410705566406,2019-02
41.365238189697266,2019-02
41.379493713378906,2019-02
40.59579086303711,2019-02
40.64349365234375,2019-02
40.409759521484375,2019-02
40.75797271728515,2019-02
40.588623046875,2019-02
40.73650741577149,2019-02
40.6458740234375,2019-02
40.76749801635742,2019-02
41.02985763549805,2019-02
40.79851531982422,2019-02
41.254058837890625,2019-02
41.55457305908203,2019-02
41.57843017578125,2019-02
41.70721435546875,2019-02
41.29698944091797,2019-02
41.731056213378906,2019-03
41.94094467163086,2019-03
41.8646240234375,2019-03
41.62373733520508,2019-03
41.141963958740234,2019-03
41.23976135253906,2019-03
42.66838836669922,2019-03
43.14778137207031,2019-03
43.33858108520508,2019-03
43.82035446166992,2019-03
44.39039611816406,2019-03
44.84355163574219,2019-03
44.488182067871094,2019-03
44.87693786621094,2019-03
46.52976608276367,2019-03
45.56622314453125,2019-03
45.0152702331543,2019-03
44.550174713134766,2019-03
44.95087432861328,2019-03
45.010494232177734,2019-03
45.30385971069336,2019-03
45.61153030395508,2019-04
46.27457427978515,2019-04
46.5917854309082,2019-04
46.672889709472656,2019-04
46.98530960083008,2019-04
47.72467803955078,2019-04
47.58158493041992,2019-04
47.84870147705078,2019-04
47.45039367675781,2019-04
47.43131637573242,2019-04
47.51717376708984,2019-04
47.521942138671875,2019-04
48.44734573364258,2019-04
48.62145233154297,2019-04
48.78125,2019-04
49.48482894897461,2019-04
49.40851593017578,2019-04
48.96012878417969,2019-04
48.72639465332031,2019-04
48.80032730102539,2019-04
47.860626220703125,2019-04
50.20988082885742,2019-05
49.88314056396485,2019-05
50.50325012207031,2019-05
49.72333526611328,2019-05
48.3829460144043,2019-05
48.39248275756836,2019-05
47.87255096435547,2019-05
47.2093505859375,2019-05
44.4655647277832,2019-05
45.169456481933594,2019-05
45.710567474365234,2019-05
45.50944519042969,2019-05
45.2508659362793,2019-05
43.83588409423828,2019-05
44.676246643066406,2019-05
43.76166534423828,2019-05
43.01466751098633,2019-05
42.849464416503906,2019-05
42.67229080200195,2019-05
42.468788146972656,2019-05
42.68904876708984,2019-05
41.91572189331055,2019-05
41.491939544677734,2019-06
43.00987243652344,2019-06
43.704200744628906,2019-06
44.345848083496094,2019-06
45.52620315551758,2019-06
46.10800552368164,2019-06
46.64191818237305,2019-06
46.49347686767578,2019-06
46.48390579223633,2019-06
46.14631652832031,2019-06
46.42164611816406,2019-06
47.51340866088867,2019-06
47.37455368041992,2019-06
47.7552375793457,2019-06
47.592430114746094,2019-06
47.544532775878906,2019-06
46.823875427246094,2019-06
47.836639404296875,2019-06
47.8222770690918,2019-06
47.386512756347656,2019-06
48.2556266784668,2019-07
48.538143157958984,2019-07
48.940372467041016,2019-07
48.89726638793945,2019-07
47.88930892944336,2019-07
48.1814079284668,2019-07
48.65785598754883,2019-07
48.30350875854492,2019-07
48.67461013793945,2019-07
49.13191604614258,2019-07
48.96192169189453,2019-07
48.68659591674805,2019-07
49.23965835571289,2019-07
48.50462341308594,2019-07
49.61315155029297,2019-07
50.00101089477539,2019-07
49.96031951904297,2019-07
49.56526947021485,2019-07
49.73765563964844,2019-07
50.20212173461914,2019-07
49.98664855957031,2019-07
51.00658416748047,2019-07
49.90285873413086,2019-08
48.84700775146485,2019-08
46.28996276855469,2019-08
47.166255950927734,2019-08
47.65467834472656,2019-08
48.70574188232422,2019-08
48.30438232421875,2019-08
48.18181991577149,2019-08
50.22224426269531,2019-08
48.72736358642578,2019-08
48.4846305847168,2019-08
49.62860870361328,2019-08
50.553897857666016,2019-08
50.556297302246094,2019-08
51.104244232177734,2019-08
51.06099319458008,2019-08
48.70093536376953,2019-08
49.6262092590332,2019-08
49.06624603271485,2019-08
49.39548873901367,2019-08
50.23184967041016,2019-08
50.166954040527344,2019-08
49.43634796142578,2019-09
50.275108337402344,2019-09
51.25807571411133,2019-09
51.25326919555664,2019-09
51.47196578979492,2019-09
52.07999801635742,2019-09
53.73588180541992,2019-09
53.615726470947266,2019-09
52.572696685791016,2019-09
52.84906768798828,2019-09
53.04133224487305,2019-09
53.5388298034668,2019-09
53.10382461547851,2019-09
52.327545166015625,2019-09
52.56547164916992,2019-09
52.31553268432617,2019-09
53.12064743041992,2019-09
52.8466682434082,2019-09
52.58951568603515,2019-09
53.82722091674805,2019-09
53.97622299194336,2019-10
52.62316131591797,2019-10
53.07017517089844,2019-10
54.55783462524414,2019-10
54.56984329223633,2019-10
53.930564880371094,2019-10
54.56263732910156,2019-10
55.29804992675781,2019-10
56.768890380859375,2019-10
56.68717956542969,2019-10
56.55499267578125,2019-10
56.32666778564453,2019-10
56.545387268066406,2019-10
56.81695938110352,2019-10
57.80231857299805,2019-10
57.670135498046875,2019-10
58.44400787353515,2019-10
58.54013442993164,2019-10
59.261138916015625,2019-10
59.85475540161133,2019-10
58.4704475402832,2019-10
58.46321868896485,2019-10
59.78505325317383,2019-10
61.4818000793457,2019-11
61.88556671142578,2019-11
61.79663848876953,2019-11
61.82306671142578,2019-11
62.536598205566406,2019-11
62.707759857177734,2019-11
63.20431900024414,2019-11
63.1464729309082,2019-11
63.75149917602539,2019-11
63.31037902832031,2019-11
64.06245422363281,2019-11
64.38546752929688,2019-11
64.19022369384766,2019-11
63.44295883178711,2019-11
63.15851974487305,2019-11
63.10307312011719,2019-11
64.20950317382812,2019-11
63.70812225341797,2019-11
64.56387329101562,2019-11
64.42164611816406,2019-11
63.67678451538086,2019-12
62.541412353515625,2019-12
63.09342193603515,2019-12
64.01907348632812,2019-12
65.25569152832031,2019-12
64.34210968017578,2019-12
64.71813201904297,2019-12
65.27013397216797,2019-12
65.43644714355469,2019-12
66.32594299316406,2019-12
67.46131134033203,2019-12
67.59387969970703,2019-12
67.43240356445312,2019-12
67.4998779296875,2019-12
67.360107421875,2019-12
68.45927429199219,2019-12
68.52436828613281,2019-12
69.88390350341797,2019-12
69.8573989868164,2019-12
70.2719955444336,2019-12
70.78545379638672,2019-12
72.4005126953125,2020-01
71.69662475585938,2020-01
72.2679214477539,2020-01
71.92803955078125,2020-01
73.0851058959961,2020-01
74.63749694824219,2020-01
74.80621337890625,2020-01
76.4044189453125,2020-01
75.37272644042969,2020-01
75.04969024658203,2020-01
75.98980712890625,2020-01
76.83108520507812,2020-01
76.3104019165039,2020-01
76.58277893066406,2020-01
76.95162963867188,2020-01
76.7298355102539,2020-01
74.47357177734375,2020-01
76.58039855957031,2020-01
78.18338775634766,2020-01
78.07009887695312,2020-01
74.60856628417969,2020-01
74.4036636352539,2020-02
76.86000061035156,2020-02
77.48676300048828,2020-02
78.39310455322266,2020-02
77.32754516601562,2020-02
77.69480895996094,2020-02
77.2260513305664,2020-02
79.06000518798828,2020-02
78.49702453613281,2020-02
78.51634216308594,2020-02
77.07866668701172,2020-02
78.19497680664062,2020-02
77.39276123046875,2020-02
75.64099884033203,2020-02
72.04800415039062,2020-02
69.60758972167969,2020-02
70.71183013916016,2020-02
66.08950805664062,2020-02
66.05086517333984,2020-02
72.20024871826172,2020-03
69.90721893310547,2020-03
73.14982604980469,2020-03
70.77708435058594,2020-03
69.83714294433594,2020-03
64.31358337402344,2020-03
68.94552612304688,2020-03
66.55101013183594,2020-03
59.97880554199219,2020-03
67.16474914550781,2020-03
58.52421951293945,2020-03
61.0975227355957,2020-03
59.601863861083984,2020-03
59.14519119262695,2020-03
55.39033126831055,2020-03
54.213600158691406,2020-03
59.652610778808594,2020-03
59.323997497558594,2020-03
62.44580078125,2020-03
59.86039733886719,2020-03
61.56869125366211,2020-03
61.44304656982422,2020-03
58.210105895996094,2020-04
59.18143844604492,2020-04
58.33091354370117,2020-04
63.41953659057617,2020-04
62.68501663208008,2020-04
64.28939819335938,2020-04
64.7533187866211,2020-04
66.02428436279297,2020-04
69.35872650146484,2020-04
68.72566986083984,2020-04
69.27173614501953,2020-04
68.331787109375,2020-04
66.91345977783203,2020-04
64.84516143798828,2020-04
66.71292114257812,2020-04
66.45440673828125,2020-04
68.37288665771484,2020-04
68.42121124267578,2020-04
67.3121566772461,2020-04
69.52301788330078,2020-04
70.98970031738281,2020-04
69.84679412841797,2020-05
70.83505249023438,2020-05
71.89820861816406,2020-05
72.64000701904297,2020-05
73.39146423339844,2020-05
75.13829040527344,2020-05
76.32063293457031,2020-05
75.44841766357422,2020-05
74.53742980957031,2020-05
74.99534606933594,2020-05
74.5519790649414,2020-05
76.30851745605469,2020-05
75.86756134033203,2020-05
77.3430404663086,2020-05
76.76643371582031,2020-05
77.26067352294922,2020-05
76.73733520507812,2020-05
77.07169342041016,2020-05
77.10559844970703,2020-05
77.0304946899414,2020-05
77.97782135009766,2020-06
78.33879852294922,2020-06
78.77006530761719,2020-06
78.09168243408203,2020-06
80.31584167480469,2020-06
80.79068756103516,2020-06
83.3418960571289,2020-06
85.48606872558594,2020-06
81.38184356689453,2020-06
82.0844497680664,2020-06
83.09960174560547,2020-06
85.30193328857422,2020-06
85.18323516845703,2020-06
85.21714782714844,2020-06
84.73015594482422,2020-06
86.94702911376953,2020-06
88.8028793334961,2020-06
87.23531341552734,2020-06
88.39344024658203,2020-06
85.67745208740234,2020-06
87.65206146240234,2020-06
88.38373565673828,2020-06
88.21656036376953,2020-07
88.21656036376953,2020-07
90.57638549804688,2020-07
90.29533386230467,2020-07
92.39833068847656,2020-07
92.795654296875,2020-07
92.9579849243164,2020-07
92.5291519165039,2020-07
94.06036376953124,2020-07
94.7072525024414,2020-07
93.54187774658205,2020-07
93.35291290283205,2020-07
95.3202133178711,2020-07
94.00463104248048,2020-07
94.26873016357422,2020-07
89.97794342041016,2020-07
89.75505065917969,2020-07
91.88226318359376,2020-07
90.37286376953124,2020-07
92.10517120361328,2020-07
93.21966552734376,2020-07
102.97869110107422,2020-07
105.5735092163086,2020-08
106.27854919433594,2020-08
106.66374969482422,2020-08
110.38518524169922,2020-08
107.87550354003906,2020-08
109.44345092773438,2020-08
106.18861389160156,2020-08
109.71773529052734,2020-08
111.6594467163086,2020-08
111.55995178222656,2020-08
111.26866149902344,2020-08
112.19586181640624,2020-08
112.33663940429688,2020-08
114.82931518554688,2020-08
120.74677276611328,2020-08
122.19093322753906,2020-08
121.1884994506836,2020-08
122.83656311035156,2020-08
121.36811065673828,2020-08
121.17152404785156,2020-08
125.2807159423828,2020-08
130.27096557617188,2020-09
127.57196044921876,2020-09
117.3584213256836,2020-09
117.43612670898438,2020-09
109.53325653076172,2020-09
113.90216827392578,2020-09
110.18372344970705,2020-09
108.73714447021484,2020-09
111.99925994873048,2020-09
112.17401123046876,2020-09
108.86334991455078,2020-09
107.12549591064452,2020-09
103.72745513916016,2020-09
106.8730697631836,2020-09
108.55267333984376,2020-09
103.9993133544922,2020-09
105.06726837158205,2020-09
109.00897979736328,2020-09
111.61090087890624,2020-09
110.7662582397461,2020-09
112.43612670898438,2020-09
113.38760375976562,2020-10
109.72742462158205,2020-10
113.10604858398438,2020-10
109.86334228515624,2020-10
111.7273941040039,2020-10
111.6206283569336,2020-10
113.56236267089844,2020-10
120.77588653564452,2020-10
117.5720443725586,2020-10
117.65941619873048,2020-10
117.1934051513672,2020-10
115.5526123046875,2020-10
112.60118865966795,2020-10
114.08661651611328,2020-10
113.46524810791016,2020-10
112.37789154052734,2020-10
111.68859100341795,2020-10
111.69828033447266,2020-10
113.203125,2020-10
107.96043395996094,2020-10
111.96041107177734,2020-10
105.68861389160156,2020-10
105.60123443603516,2020-11
107.22258758544922,2020-11
111.60120391845705,2020-11
115.56233978271484,2020-11
115.4310302734375,2020-11
113.1261215209961,2020-11
112.78572082519533,2020-11
116.2090835571289,2020-11
115.93675994873048,2020-11
115.98538970947266,2020-11
116.99684143066406,2020-11
116.11181640625,2020-11
114.7891616821289,2020-11
115.3824234008789,2020-11
114.11812591552734,2020-11
110.72393035888672,2020-11
112.0076904296875,2020-11
112.84406280517578,2020-11
113.38870239257812,2020-11
115.78117370605467,2020-11
119.3503875732422,2020-12
119.70050811767578,2020-12
119.56434631347656,2020-12
118.89330291748048,2020-12
120.35211944580078,2020-12
120.9647979736328,2020-12
118.43619537353516,2020-12
119.8561019897461,2020-12
119.04891204833984,2020-12
118.43619537353516,2020-12
124.36871337890624,2020-12
124.3006362915039,2020-12
125.16617584228516,2020-12
123.18221282958984,2020-12
124.7090835571289,2020-12
128.25889587402344,2020-12
127.36412811279295,2020-12
128.34642028808594,2020-12
132.9368133544922,2020-12
131.1667938232422,2020-12
130.04840087890625,2020-12
129.04664611816406,2020-12
125.85670471191406,2021-01
127.41277313232422,2021-01
123.12385559082033,2021-01
127.32525634765624,2021-01
128.42422485351562,2021-01
125.43849182128906,2021-01
125.26345825195312,2021-01
127.29608154296876,2021-01
125.37042999267578,2021-01
123.64900970458984,2021-01
124.32008361816406,2021-01
128.40476989746094,2021-01
133.11183166503906,2021-01
135.25146484375,2021-01
138.99575805664062,2021-01
139.22914123535156,2021-01
138.15936279296875,2021-01
133.3258514404297,2021-01
128.33670043945312,2021-01
130.45680236816406,2021-02
131.283447265625,2021-02
130.26231384277344,2021-02
133.61758422851562,2021-02
133.20361328125,2021-02
133.3497314453125,2021-02
132.4730987548828,2021-02
131.86924743652344,2021-02
131.6160430908203,2021-02
131.8497772216797,2021-02
129.72645568847656,2021-02
127.43756866455078,2021-02
126.33698272705078,2021-02
126.49279022216795,2021-02
122.72344207763672,2021-02
122.58708190917967,2021-02
122.0903549194336,2021-02
117.84371948242188,2021-02
118.10670471191406,2021-02
124.46688079833984,2021-03
121.86634826660156,2021-03
118.88589477539062,2021-03
117.00609588623048,2021-03
118.26253509521484,2021-03
113.33409881591795,2021-03
117.94110107421876,2021-03
116.8599853515625,2021-03
118.78848266601562,2021-03
117.88268280029295,2021-03
120.76570129394533,2021-03
122.30462646484376,2021-03
121.51568603515624,2021-03
117.39569091796876,2021-03
116.86972045898438,2021-03
120.18131256103516,2021-03
119.3534164428711,2021-03
116.96713256835938,2021-03
117.45413208007812,2021-03
118.05799865722656,2021-03
118.23330688476562,2021-03
116.78207397460938,2021-03
118.97354888916016,2021-03
119.80146026611328,2021-04
122.62605285644533,2021-04
122.92797088623048,2021-04
124.57403564453124,2021-04
126.97006225585938,2021-04
129.54141235351562,2021-04
127.82718658447266,2021-04
130.9342041015625,2021-04
128.59664916992188,2021-04
131.00241088867188,2021-04
130.67124938964844,2021-04
131.33352661132812,2021-04
129.64854431152344,2021-04
130.02842712402344,2021-04
128.50897216796875,2021-04
130.82708740234375,2021-04
131.21669006347656,2021-04
130.89523315429688,2021-04
130.10633850097656,2021-04
130.00892639160156,2021-04
128.04147338867188,2021-04
129.09335327148438,2021-05
124.52532958984376,2021-05
124.7688217163086,2021-05
126.36617279052734,2021-05
127.03939056396484,2021-05
123.76119995117188,2021-05
122.84408569335938,2021-05
119.78055572509766,2021-05
121.92699432373048,2021-05
124.3465805053711,2021-05
123.1953125,2021-05
121.80989074707033,2021-05
121.65380859375,2021-05
124.20999145507812,2021-05
122.3757781982422,2021-05
124.00508880615234,2021-05
123.80996704101562,2021-05
123.76119995117188,2021-05
122.2294464111328,2021-05
121.57573699951172,2021-05
121.25376892089844,2021-06
122.01477813720705,2021-06
120.53180694580078,2021-06
122.82456970214844,2021-06
122.83434295654295,2021-06
123.6538543701172,2021-06
124.0343780517578,2021-06
123.03922271728516,2021-06
124.24901580810548,2021-06
127.3027801513672,2021-06
126.4832763671875,2021-06
126.98085021972656,2021-06
128.5808868408203,2021-06
127.28335571289062,2021-06
129.0784912109375,2021-06
130.71755981445312,2021-06
130.44439697265625,2021-06
130.16143798828125,2021-06
129.86875915527344,2021-06
131.4980926513672,2021-06
133.01034545898438,2021-06
133.6250457763672,2021-06
133.927490234375,2021-07
136.55198669433594,2021-07
138.56179809570312,2021-07
141.0497283935547,2021-07
139.7521209716797,2021-07
141.5765838623047,2021-07
140.9813995361328,2021-07
142.0936737060547,2021-07
145.51820373535156,2021-07
144.864501953125,2021-07
142.82542419433594,2021-07
138.9813232421875,2021-07
142.59124755859375,2021-07
141.85946655273438,2021-07
143.22544860839844,2021-07
144.94253540039062,2021-07
145.36207580566406,2021-07
143.1961669921875,2021-07
141.44969177246094,2021-07
142.0936737060547,2021-07
142.30833435058594,2021-07
141.97657775878906,2021-08
143.7718048095703,2021-08
143.3717498779297,2021-08
143.47906494140625,2021-08
142.7951202392578,2021-08
142.74623107910156,2021-08
142.26748657226562,2021-08
142.52154541015625,2021-08
145.482177734375,2021-08
145.68734741210938,2021-08
147.6611328125,2021-08
146.75241088867188,2021-08
143.01010131835938,2021-08
143.3423309326172,2021-08
144.79820251464844,2021-08
146.28338623046875,2021-08
146.1954803466797,2021-08
144.96429443359375,2021-08
144.16305541992188,2021-08
145.1988067626953,2021-08
149.61529541015625,2021-08
148.35487365722656,2021-08
149.01930236816406,2021-09
150.13316345214844,2021-09
150.7683563232422,2021-09
153.1036376953125,2021-09
151.55979919433594,2021-09
150.54360961914062,2021-09
145.56033325195312,2021-09
146.12709045410156,2021-09
144.7297821044922,2021-09
145.61892700195312,2021-09
145.3844451904297,2021-09
142.71690368652344,2021-09
139.66835021972656,2021-09
140.1471710205078,2021-09
142.5117645263672,2021-09
143.46932983398438,2021-09
143.55722045898438,2021-09
142.04275512695312,2021-09
138.6619415283203,2021-09
139.56085205078125,2021-09
138.26129150390625,2021-09
139.38497924804688,2021-10
135.95533752441406,2021-10
137.88023376464844,2021-10
138.7498779296875,2021-10
140.01031494140625,2021-10
139.6292724609375,2021-10
139.5413360595703,2021-10
138.27105712890625,2021-10
137.68482971191406,2021-10
140.46958923339844,2021-10
141.52487182617188,2021-10
143.19573974609375,2021-10
145.35513305664062,2021-10
145.8436737060547,2021-10
146.05868530273438,2021-10
145.28675842285156,2021-10
145.23788452148438,2021-10
145.90234375,2021-10
145.44309997558594,2021-10
149.0779266357422,2021-10
146.37135314941406,2021-10
145.5505828857422,2021-11
146.5863037109375,2021-11
148.02267456054688,2021-11
147.50479125976562,2021-11
148.03318786621094,2021-11
147.2112274169922,2021-11
147.57327270507812,2021-11
144.74530029296875,2021-11
144.69638061523438,2021-11
146.77090454101562,2021-11
146.78070068359375,2021-11
147.75918579101562,2021-11
150.19580078125,2021-11
154.48178100585938,2021-11
157.104248046875,2021-11
157.56419372558594,2021-11
157.9457550048828,2021-11
158.46441650390625,2021-11
153.4445037841797,2021-11
156.8009033203125,2021-11
161.75228881835938,2021-11
161.233642578125,2021-12
160.24530029296875,2021-12
158.36654663085938,2021-12
161.77186584472656,2021-12
167.50608825683594,2021-12
171.32237243652344,2021-12
170.8135528564453,2021-12
175.59861755371094,2021-12
171.96824645996094,2021-12
170.5885009765625,2021-12
175.4518585205078,2021-12
168.56289672851562,2021-12
167.46694946289062,2021-12
166.10678100585938,2021-12
169.27725219726562,2021-12
171.8704071044922,2021-12
172.49667358398438,2021-12
176.45968627929688,2021-12
175.44204711914062,2021-12
175.5301513671875,2021-12
174.37545776367188,2021-12
173.75894165039062,2021-12
178.10365295410156,2022-01
175.84326171875,2022-01
171.16583251953125,2022-01
168.30845642089844,2022-01
168.474853515625,2022-01
168.4944305419922,2022-01
171.32237243652344,2022-01
171.76275634765625,2022-01
168.4944305419922,2022-01
169.35552978515625,2022-01
166.15570068359375,2022-01
162.66238403320312,2022-01
160.979248046875,2022-01
158.92434692382812,2022-01
158.15130615234375,2022-01
156.3507843017578,2022-01
156.26271057128906,2022-01
155.80279541015625,2022-01
166.67434692382812,2022-01
171.02883911132812,2022-01
170.8625030517578,2022-02
172.0660858154297,2022-02
169.1891632080078,2022-02
168.905029296875,2022-02
168.18980407714844,2022-02
171.2957305908203,2022-02
172.71641540527344,2022-02
168.64051818847656,2022-02
165.23085021972656,2022-02
165.46600341796875,2022-02
169.29693603515625,2022-02
169.06182861328125,2022-02
165.46600341796875,2022-02
163.91793823242188,2022-02
160.99819946289062,2022-02
156.83412170410156,2022-02
159.4501495361328,2022-02
161.5175018310547,2022-02
161.7820281982422,2022-02
159.90084838867188,2022-03
163.19288635253906,2022-03
162.86961364746094,2022-03
159.87142944335938,2022-03
156.0796661376953,2022-03
154.25729370117188,2022-03
159.65591430664062,2022-03
155.31544494628906,2022-03
151.60205078125,2022-03
147.5751190185547,2022-03
151.95477294921875,2022-03
156.3638153076172,2022-03
157.3729705810547,2022-03
160.66505432128906,2022-03
162.03675842285156,2022-03
165.40724182128906,2022-03
166.7691192626953,2022-03
170.5511016845703,2022-03
171.18792724609375,2022-03
172.05015563964844,2022-03
175.34222412109375,2022-03
174.17630004882812,2022-03
171.08016967773438,2022-03
170.78622436523438,2022-04
174.83273315429688,2022-04
171.52108764648438,2022-04
168.35633850097656,2022-04
168.66009521484375,2022-04
166.65155029296875,2022-04
162.39927673339844,2022-04
164.2706756591797,2022-04
166.95526123046875,2022-04
161.9485626220703,2022-04
161.73304748535156,2022-04
164.01593017578125,2022-04
163.849365234375,2022-04
163.05577087402344,2022-04
158.5193328857422,2022-04
159.58731079101562,2022-04
153.6302032470703,2022-04
153.40487670898438,2022-04
160.33192443847656,2022-04
154.46304321289062,2022-04
154.76675415039062,2022-05
156.2560272216797,2022-05
162.66380310058594,2022-05
153.60084533691406,2022-05
154.32693481445312,2022-05
149.20494079589844,2022-05
151.60890197753906,2022-05
143.7493133544922,2022-05
139.88330078125,2022-05
144.347900390625,2022-05
142.8073272705078,2022-05
146.43789672851562,2022-05
138.17596435546875,2022-05
134.77113342285156,2022-05
135.00660705566406,2022-05
140.42298889160156,2022-05
137.724609375,2022-05
137.88162231445312,2022-05
141.08042907714844,2022-05
146.83033752441406,2022-05
146.04539489746094,2022-05
145.91786193847656,2022-06
148.37088012695312,2022-06
142.6503448486328,2022-06
143.3960723876953,2022-06
145.91786193847656,2022-06
145.18191528320312,2022-06
139.96182250976562,2022-06
134.55526733398438,2022-06
129.40382385253906,2022-06
130.26730346679688,2022-06
132.88717651367188,2022-06
127.61798095703124,2022-06
129.08984375,2022-06
133.31890869140625,2022-06
132.80868530273438,2022-06
135.67385864257812,2022-06
139.00021362304688,2022-06
139.00021362304688,2022-06
134.8594512939453,2022-06
136.6157989501953,2022-06
134.1529998779297,2022-06
136.32147216796875,2022-07
138.902099609375,2022-07
140.23654174804688,2022-07
143.60215759277344,2022-07
144.27919006347656,2022-07
142.14991760253906,2022-07
143.12135314941406,2022-07
142.75830078125,2022-07
145.68234252929688,2022-07
147.35043334960938,2022-07
144.3086395263672,2022-07
148.1648406982422,2022-07
150.16653442382812,2022-07
152.43316650390625,2022-07
151.1968231201172,2022-07
150.07823181152344,2022-07
148.7535400390625,2022-07
153.8461151123047,2022-07
154.39559936523438,2022-07
159.45870971679688,2022-07
158.47747802734375,2022-08
157.00567626953125,2022-08
163.01077270507812,2022-08
162.69676208496094,2022-08
162.4707794189453,2022-08
161.99911499023438,2022-08
162.04824829101562,2022-08
166.2930450439453,2022-08
165.55609130859375,2022-08
169.1032257080078,2022-08
170.17425537109375,2022-08
170.01705932617188,2022-08
171.51058959960938,2022-08
171.11752319335938,2022-08
168.53334045410156,2022-08
164.65213012695312,2022-08
164.31802368164062,2022-08
164.61282348632812,2022-08
167.06927490234375,2022-08
160.7708740234375,2022-08
158.56988525390625,2022-08
156.14291381835938,2022-08
154.48236083984375,2022-08
155.20944213867188,2022-09
153.0968780517578,2022-09
151.8391876220703,2022-09
153.24429321289062,2022-09
151.77040100097656,2022-09
154.62973022460938,2022-09
160.58416748046875,2022-09
151.16119384765625,2022-09
152.60560607910156,2022-09
149.7167510986328,2022-09
148.0758819580078,2022-09
151.79006958007812,2022-09
154.1679229736328,2022-09
151.04330444335938,2022-09
150.080322265625,2022-09
147.81056213378906,2022-09
148.1446533203125,2022-09
149.11741638183594,2022-09
147.2308349609375,2022-09
139.9989776611328,2022-09
135.7935333251953,2022-09
139.96951293945312,2022-10
143.5559844970703,2022-10
143.85072326660156,2022-10
142.89761352539062,2022-10
137.650634765625,2022-10
137.974853515625,2022-10
136.5599365234375,2022-10
135.93109130859375,2022-10
140.50013732910156,2022-10
135.97042846679688,2022-10
139.93019104003906,2022-10
141.24688720703125,2022-10
141.35498046875,2022-10
140.8931884765625,2022-10
144.7056121826172,2022-10
146.84765625,2022-10
149.68731689453125,2022-10
146.74935913085938,2022-10
142.278564453125,2022-10
153.0281219482422,2022-10
150.6698760986328,2022-10
148.0267333984375,2022-11
142.5045928955078,2022-11
136.4617156982422,2022-11
136.19598388671875,2022-11
136.72743225097656,2022-11
137.2982635498047,2022-11
132.7413330078125,2022-11
144.55194091796875,2022-11
147.33726501464844,2022-11
145.93972778320312,2022-11
147.67190551757812,2022-11
146.44166564941406,2022-11
148.34117126464844,2022-11
148.90220642089844,2022-11
145.6739501953125,2022-11
147.8096923828125,2022-11
148.6856689453125,2022-11
145.77236938476562,2022-11
141.9437713623047,2022-11
138.94190979003906,2022-11
145.6936492919922,2022-11
145.96922302246094,2022-12
145.47711181640625,2022-12
144.3157501220703,2022-12
140.6544647216797,2022-12
138.71556091308594,2022-12
140.39854431152344,2022-12
139.9163055419922,2022-12
142.20947265625,2022-12
143.174072265625,2022-12
140.94973754882812,2022-12
134.34559631347656,2022-12
132.38702392578125,2022-12
130.28082275390625,2022-12
130.2119140625,2022-12
133.31216430664062,2022-12
130.14300537109375,2022-12
129.7788543701172,2022-12
127.97772979736328,2022-12
124.05071258544922,2022-12
127.56438446044922,2022-12
127.87931823730467,2022-12
123.09601593017578,2023-01
124.36566162109376,2023-01
123.04681396484376,2023-01
127.57418060302734,2023-01
128.09584045410156,2023-01
128.6666717529297,2023-01
131.38316345214844,2023-01
131.304443359375,2023-01
132.6331024169922,2023-01
133.79444885253906,2023-01
133.0759735107422,2023-01
133.135009765625,2023-01
135.69395446777344,2023-01
138.88287353515625,2023-01
140.2804412841797,2023-01
139.62103271484375,2023-01
141.68789672851562,2023-01
143.62680053710938,2023-01
140.7430419921875,2023-01
142.01266479492188,2023-01
143.13465881347656,2023-02
148.4396209716797,2023-02
152.06153869628906,2023-02
149.3352508544922,2023-02
152.20916748046875,2023-02
149.52224731445312,2023-02
148.4888458251953,2023-02
148.8535614013672,2023-02
151.65298461914062,2023-02
151.01226806640625,2023-02
153.1118621826172,2023-02
151.51499938964844,2023-02
150.37155151367188,2023-02
146.3596649169922,2023-02
146.7835235595703,2023-02
147.2665252685547,2023-02
144.61495971679688,2023-02
145.8076629638672,2023-02
145.304931640625,2023-02
143.2349395751953,2023-03
143.82638549804688,2023-03
148.87326049804688,2023-03
151.63331604003906,2023-03
149.4351043701172,2023-03
150.68698120117188,2023-03
148.43954467773438,2023-03
146.3793487548828,2023-03
148.3212432861328,2023-03
150.41098022460938,2023-03
150.80526733398438,2023-03
153.6243896484375,2023-03
152.78656005859375,2023-03
155.1522674560547,2023-03
157.0054473876953,2023-03
155.576171875,2023-03
156.66043090820312,2023-03
157.96160888671875,2023-03
156.01974487304688,2023-03
155.39871215820312,2023-03
158.47418212890625,2023-03
160.0414581298828,2023-03
162.545166015625,2023-03
163.7970428466797,2023-04
163.26478576660156,2023-04
161.42144775390625,2023-04
162.30859375,2023-04
159.71617126464844,2023-04
158.5037384033203,2023-04
157.81373596191406,2023-04
163.19577026367188,2023-04
162.8507537841797,2023-04
162.87046813964844,2023-04
164.09280395507812,2023-04
165.23622131347656,2023-04
164.27020263671875,2023-04
162.6634979248047,2023-04
162.96905517578125,2023-04
161.43130493164062,2023-04
161.42144775390625,2023-04
166.0050506591797,2023-04
167.25692749023438,2023-04
167.168212890625,2023-05
166.1332244873047,2023-05
165.05877685546875,2023-05
163.4224395751953,2023-05
171.09136962890625,2023-05
171.02236938476562,2023-05
169.3170928955078,2023-05
171.08151245117188,2023-05
171.26881408691406,2023-05
170.3409423828125,2023-05
169.847412109375,2023-05
169.847412109375,2023-05
170.45941162109375,2023-05
172.78890991210938,2023-05
172.89752197265625,2023-05
171.94989013671875,2023-05
169.34397888183594,2023-05
169.62037658691406,2023-05
170.7555389404297,2023-05
173.1639862060547,2023-05
175.0098419189453,2023-05
174.96047973632812,2023-05
177.76382446289062,2023-06
178.61270141601562,2023-06
177.2604217529297,2023-06
176.8951873779297,2023-06
175.5231475830078,2023-06
178.23764038085938,2023-06
178.62255859375,2023-06
181.41600036621097,2023-06
180.9422149658203,2023-06
181.57394409179688,2023-06
183.6073760986328,2023-06
182.53143310546875,2023-06
182.6202392578125,2023-06
181.58384704589844,2023-06
184.5845947265625,2023-06
184.26870727539065,2023-06
182.8769073486328,2023-06
185.63087463378903,2023-06
186.80551147460935,2023-06
187.14108276367188,2023-06
191.46449279785156,2023-06
189.9740447998047,2023-07
188.85861206054688,2023-07
189.3324432373047,2023-07
188.21701049804688,2023-07
186.17376708984375,2023-07
185.6506195068359,2023-07
187.3187713623047,2023-07
188.0788116455078,2023-07
188.2269287109375,2023-07
191.48426818847656,2023-07
191.2276153564453,2023-07
192.57992553710935,2023-07
190.6353759765625,2023-07
189.4607391357422,2023-07
190.2602996826172,2023-07
191.1190490722656,2023-07
191.9876708984375,2023-07
190.72422790527344,2023-07
193.30050659179688,2023-07
193.91249084472656,2023-07
193.08335876464844,2023-08
190.0924835205078,2023-08
188.70068359375,2023-08
179.6392822265625,2023-08
176.5398406982422,2023-08
177.4775390625,2023-08
175.88836669921875,2023-08
175.67120361328125,2023-08
175.7305145263672,2023-08
177.3811798095703,2023-08
175.39443969726562,2023-08
174.52462768554688,2023-08
171.98440551757812,2023-08
172.46871948242188,2023-08
173.8030548095703,2023-08
175.17697143554688,2023-08
179.0219268798828,2023-08
174.33682250976562,2023-08
176.54103088378906,2023-08
178.10269165039062,2023-08
181.98716735839844,2023-08
185.47628784179688,2023-08
185.6937255859375,2023-08
187.2653350830078,2023-09
187.5025329589844,2023-09
180.7912139892578,2023-09
175.50315856933594,2023-09
176.115966796875,2023-09
177.28233337402344,2023-09
174.2577667236328,2023-09
172.1919708251953,2023-09
173.7042694091797,2023-09
172.98269653320312,2023-09
175.90841674804688,2023-09
176.9956817626953,2023-09
173.4571533203125,2023-09
171.9152069091797,2023-09
172.7652587890625,2023-09
174.0403289794922,2023-09
169.9680633544922,2023-09
168.45574951171875,2023-09
168.71275329589844,2023-09
169.22674560546875,2023-09
171.73728942871094,2023-10
170.4029083251953,2023-10
171.64834594726562,2023-10
172.88388061523438,2023-10
175.43397521972656,2023-10
176.91659545898438,2023-10
176.3235626220703,2023-10
177.71722412109375,2023-10
178.61668395996094,2023-10
176.7782440185547,2023-10
176.6497344970703,2023-10
175.09791564941406,2023-10
173.8030548095703,2023-10
173.42752075195312,2023-10
170.87741088867188,2023-10
170.9959716796875,2023-10
171.43089294433594,2023-10
169.1179962158203,2023-10
164.95677185058594,2023-10
166.2713623046875,2023-10
168.3173828125,2023-10
168.79183959960938,2023-10
171.9547576904297,2023-11
175.51303100585938,2023-11
174.6036834716797,2023-11
177.15380859375,2023-11
179.7138214111328,2023-11
180.7713928222656,2023-11
180.29698181152344,2023-11
184.4834899902344,2023-11
182.8999481201172,2023-11
185.51280212402344,2023-11
186.0769195556641,2023-11
187.75949096679688,2023-11
187.7396697998047,2023-11
189.4815673828125,2023-11
188.6799163818359,2023-11
189.343017578125,2023-11
188.0167694091797,2023-11
187.8386383056641,2023-11
188.44235229492188,2023-11
187.42295837402344,2023-11
187.9969787597656,2023-11
189.2737274169922,2023-12
187.4823303222656,2023-12
191.43130493164065,2023-12
190.34263610839844,2023-12
192.2725830078125,2023-12
193.69775390625,2023-12
191.1938018798828,2023-12
192.70806884765625,2023-12
195.9246368408203,2023-12
196.07308959960935,2023-12
195.53868103027344,2023-12
193.87591552734375,2023-12
194.9151153564453,2023-12
192.8268280029297,2023-12
192.6783447265625,2023-12
191.6094970703125,2023-12
191.0651397705078,2023-12
191.1640625,2023-12
191.5896759033203,2023-12
190.5504913330078,2023-12
183.73129272460935,2024-01
182.35560607910156,2024-01
180.03964233398438,2024-01
179.31716918945312,2024-01
183.6521453857422,2024-01
183.2364501953125,2024-01
184.2756500244141,2024-01
183.68182373046875,2024-01
184.0084228515625,2024-01
181.74197387695312,2024-01
180.80172729492188,2024-01
186.69056701660156,2024-01
189.59043884277344,2024-01
191.89646911621097,2024-01
193.1732177734375,2024-01
192.5001983642578,2024-01
192.173583984375,2024-01
190.44158935546875,2024-01
189.75868225097656,2024-01
186.10662841796875,2024-01
182.50404357910156,2024-01
184.9387664794922,2024-02
183.93914794921875,2024-02
185.75033569335935,2024-02
187.35366821289065,2024-02
187.4625701904297,2024-02
186.38377380371097,2024-02
187.1468048095703,2024-02
185.46212768554688,2024-02
183.37115478515625,2024-02
182.48919677734375,2024-02
182.20179748535156,2024-02
180.6657867431641,2024-02
179.92254638671875,2024-02
180.6757049560547,2024-02
182.70721435546875,2024-02
180.8739318847656,2024-02
179.5261688232422,2024-02
180.98289489746097,2024-02
179.7838134765625,2024-02
179.11985778808594,2024-02
178.03968811035156,2024-03
173.5208282470703,2024-03
168.58572387695312,2024-03
167.59474182128906,2024-03
167.475830078125,2024-03
169.1902313232422,2024-03
171.1920166015625,2024-03
171.66769409179688,2024-03
169.58663940429688,2024-03
171.4397430419922,2024-03
171.0631561279297,2024-03
172.15325927734375,2024-03
174.49195861816406,2024-03
177.05860900878906,2024-03
169.82444763183594,2024-03
170.7262725830078,2024-03
169.30914306640625,2024-03
168.17942810058594,2024-03
171.74696350097656,2024-03
169.93344116210938,2024-03
168.4965362548828,2024-04
167.31727600097656,2024-04
168.11997985839844,2024-04
167.2974395751953,2024-04
168.05059814453125,2024-04
166.93081665039062,2024-04
168.1397705078125,2024-04
166.26683044433594,2024-04
173.4613494873047,2024-04
174.95774841308594,2024-04
171.13255310058594,2024-04
167.8524169921875,2024-04
166.48484802246094,2024-04
165.5334930419922,2024-04
163.51190185546875,2024-04
164.34429931640625,2024-04
165.39476013183594,2024-04
167.4956512451172,2024-04
168.35780334472656,2024-04
167.7731170654297,2024-04
171.93524169921875,2024-04
168.7938232421875,2024-04
167.7731170654297,2024-05
171.469482421875,2024-05
181.72613525390625,2024-05
180.0712127685547,2024-05
180.7549591064453,2024-05
181.0919189453125,2024-05
182.90542602539065,2024-05
181.64515686035156,2024-05
184.85037231445312,2024-05
185.99151611328125,2024-05
188.26397705078125,2024-05
188.3830413818359,2024-05
188.41281127929688,2024-05
189.57383728027344,2024-05
190.873779296875,2024-05
189.4348907470703,2024-05
185.44577026367188,2024-05
188.52195739746097,2024-05
188.5319061279297,2024-05
188.82960510253903,2024-05
189.82191467285156,2024-05
190.77455139160156,2024-05
192.54087829589844,2024-06
192.8584442138672,2024-06
194.36676025390625,2024-06
192.98744201660156,2024-06
195.37893676757812,2024-06
191.63787841796875,2024-06
205.56019592285156,2024-06
211.4347686767578,2024-06
212.5957794189453,2024-06
210.85923767089844,2024-06
215.0071258544922,2024-06
212.6453857421875,2024-06
208.0707550048828,2024-06
205.89759826660156,2024-06
206.54263305664065,2024-06
207.46546936035156,2024-06
211.61338806152344,2024-06
212.4568634033203,2024-06
209.00355529785156,2024-06
215.0865173339844,2024-07
218.5794982910156,2024-07
219.84967041015625,2024-07
224.6029052734375,2024-07
226.0715484619141,2024-07
226.92494201660156,2024-07
231.19195556640625,2024-07
225.823486328125,2024-07
228.7706756591797,2024-07
232.60107421875,2024-07
233.0178375244141,2024-07
227.12342834472656,2024-07
222.45948791503903,2024-07
222.5885009765625,2024-07
222.24118041992188,2024-07
223.28314208984375,2024-07
216.86279296875,2024-07
215.8208465576172,2024-07
216.2872314453125,2024-07
216.56509399414065,2024-07
217.12078857421875,2024-07
220.3756103515625,2024-07
216.6841583251953,2024-08
218.1726531982422,2024-08
207.66392517089844,2024-08
205.6395721435547,2024-08
208.2097015380859,2024-08
211.6729278564453,2024-08
214.5804443359375,2024-08
216.1103973388672,2024-08
219.82598876953125,2024-08
220.27305603027344,2024-08
223.25344848632812,2024-08
224.5747985839844,2024-08
224.41583251953125,2024-08
225.0317840576172,2024-08
224.92250061035156,2024-08
223.0647125244141,2024-08
225.3596343994141,2024-08
225.6973876953125,2024-08
226.5418701171875,2024-08
225.01193237304688,2024-08
228.29039001464844,2024-08
227.50552368164065,2024-08
221.31619262695312,2024-09
219.4087371826172,2024-09
220.92874145507812,2024-09
219.37890625,2024-09
219.4683532714844,2024-09
218.6735382080078,2024-09
221.2069091796875,2024-09
221.31619262695312,2024-09
221.04795837402344,2024-09
214.90830993652344,2024-09
215.37521362304688,2024-09
219.2497711181641,2024-09
227.3763732910156,2024-09
226.71075439453125,2024-09
224.99203491210935,2024-09
225.8861846923828,2024-09
224.8927001953125,2024-09
226.0352020263672,2024-09
226.30340576171875,2024-09
231.47943115234375,2024-09
224.7337646484375,2024-10
225.30001831054688,2024-10
224.19728088378903,2024-10
225.3199157714844,2024-10
220.2432403564453,2024-10
224.2966156005859,2024-10
228.04202270507812,2024-10
227.54527282714844,2024-10
226.0650177001953,2024-10
229.79054260253903,2024-10
232.3238983154297,2024-10
230.26739501953125,2024-10
230.63497924804688,2024-10
233.46636962890625,2024-10
234.93670654296875,2024-10
234.32077026367188,2024-10
229.25405883789065,2024-10
229.0653076171875,2024-10
229.8998107910156,2024-10
231.87681579589844,2024-10
232.1450653076172,2024-10
228.5983428955078,2024-10
224.43569946289065,2024-10
221.45529174804688,2024-11
220.56114196777344,2024-11
221.9917449951172,2024-11
221.2665100097656,2024-11
225.99545288085935,2024-11
225.7269287109375,2024-11
223.01174926757812,2024-11
223.01174926757812,2024-11
223.8969268798828,2024-11
226.9800720214844,2024-11
223.7775421142578,2024-11
226.7811584472656,2024-11
227.0397491455078,2024-11
227.75584411621097,2024-11
227.2784423828125,2024-11
228.62110900878903,2024-11
231.6048126220703,2024-11
233.7829132080078,2024-11
233.6536407470703,2024-11
236.04058837890625,2024-11
238.2882843017578,2024-12
241.33168029785156,2024-12
241.6897125244141,2024-12
241.7195587158203,2024-12
241.52066040039065,2024-12
245.40939331054688,2024-12
246.42385864257812,2024-12
245.15081787109375,2024-12
246.6128387451172,2024-12
246.7819061279297,2024-12
249.67608642578125,2024-12
252.1028289794922,2024-12
246.7023468017578,2024-12
248.43289184570312,2024-12
253.10736083984375,2024-12
253.88311767578125,2024-12
256.79718017578125,2024-12
257.6127014160156,2024-12
254.2013702392578,2024-12
250.82980346679688,2024-12
249.0594787597656,2024-12
242.52517700195312,2025-01
242.0378265380859,2025-01
243.66891479492188,2025-01
240.89407348632812,2025-01
241.3813934326172,2025-01
235.56320190429688,2025-01
233.12649536132812,2025-01
232.01258850097656,2025-01
236.57762145996097,2025-01
227.01986694335935,2025-01
228.7305145263672,2025-01
221.43038940429688,2025-01
222.61390686035156,2025-01
222.44485473632812,2025-01
221.5696258544922,2025-01
228.61117553710935,2025-01
236.9655303955078,2025-01
238.05955505371097,2025-01
236.2991485595703,2025-01
234.7178192138672,2025-01
226.77120971679688,2025-02
231.5352020263672,2025-02
231.2069854736328,2025-02
231.95291137695312,2025-02
226.3932952880859,2025-02
226.662109375,2025-02
231.61053466796875,2025-02
235.84210205078125,2025-02
240.4818878173828,2025-02
243.53855895996097,2025-02
243.40911865234375,2025-02
243.807373046875,2025-02
244.7632293701172,2025-02
244.48443603515625,2025-02
246.0277099609375,2025-02
245.96795654296875,2025-02
239.31695556640625,2025-02
236.27023315429688,2025-02
240.79052734375,2025-02
236.9970703125,2025-03
234.9061737060547,2025-03
234.71701049804688,2025-03
234.3087921142578,2025-03
238.03256225585935,2025-03
226.4928436279297,2025-03
219.88165283203125,2025-03
216.03842163085935,2025-03
208.77008056640625,2025-03
212.5635528564453,2025-03
213.07135009765625,2025-03
211.7670440673828,2025-03
214.3059539794922,2025-03
213.17092895507812,2025-03
217.32281494140625,2025-03
219.77212524414065,2025-03
222.7790374755859,2025-03
220.56866455078125,2025-03
222.87863159179688,2025-03
216.9544219970703,2025-03
221.16607666015625,2025-03
222.22146606445312,2025-04
222.91842651367188,2025-04
202.30824279785156,2025-04
187.56253051757812,2025-04
180.6725616455078,2025-04
171.67176818847656,2025-04
197.9871063232422,2025-04
189.5936584472656,2025-04
197.2901306152344,2025-04
201.64117431640625,2025-04
201.26280212402344,2025-04
193.42697143554688,2025-04
196.1251983642578,2025-04
192.32179260253903,2025-04
198.8732452392578,2025-04
203.7121429443359,2025-04
207.4657745361328,2025-04
208.3718109130859,2025-04
209.2281036376953,2025-04
210.29345703125,2025-04
211.57785034179688,2025-04
212.3943023681641,2025-05
204.4588928222656,2025-05
198.0269012451172,2025-05
197.6485595703125,2025-05
195.3983612060547,2025-05
196.63299560546875,2025-05
197.66847229003903,2025-05
210.15049743652344,2025-05
212.28399658203125,2025-05
211.68582153320312,2025-05
210.8085021972656,2025-05
210.6190643310547,2025-05
208.14659118652344,2025-05
206.232421875,2025-05
201.4768829345703,2025-05
200.74908447265625,2025-05
194.67759704589844,2025-05
199.60260009765625,2025-05
199.81195068359375,2025-05
199.3433837890625,2025-05
200.24066162109375,2025-05
201.08807373046875,2025-06
202.65330505371097,2025-06
202.2046813964844,2025-06
200.02133178710935,2025-06
203.30133056640625,2025-06
200.83883666992188,2025-06
202.05511474609375,2025-06
198.1769256591797,2025-06
198.5956573486328,2025-06
195.85400390625,2025-06
197.81802368164065,2025-06
195.04644775390625,2025-06
195.9835968017578,2025-06
200.3901824951172,2025-06
200.88868713378903,2025-06
199.69232177734375,2025-06
200.9485015869141,2025-06
200.3901824951172,2025-06
200.4699554443359,2025-06
204.54754638671875,2025-06
207.18951416015625,2025-07
211.7954864501953,2025-07
212.90213012695312,2025-07
209.3130340576172,2025-07
209.37286376953125,2025-07
210.4994354248047,2025-07
211.7655792236328,2025-07
210.5193634033203,2025-07
207.9870758056641,2025-07
208.47560119628903,2025-07
209.5224151611328,2025-07
209.38282775878903,2025-07
210.539306640625,2025-07
211.8353576660156,2025-07
213.74954223632812,2025-07
213.50030517578125,2025-07
213.11146545410156,2025-07
213.2311248779297,2025-07
213.4006195068359,2025-07
210.62904357910156,2025-07
208.415771484375,2025-07
206.94027709960935,2025-07
201.7660217285156,2025-08
202.7330780029297,2025-08
202.3043670654297,2025-08
212.60304260253903,2025-08
219.36245727539065,2025-08
228.65419006347656,2025-08
226.747802734375,2025-08
229.21310424804688,2025-08
232.88612365722656,2025-08
232.337158203125,2025-08
231.1494140625,2025-08
230.4507598876953,2025-08
230.1213836669922,2025-08
225.5800323486328,2025-08
224.47215270996097,2025-08
227.3267059326172,2025-08
226.72784423828125,2025-08
228.8737640380859,2025-08
230.0515289306641,2025-08
232.1175842285156,2025-08
231.69837951660156,2025-08
229.28298950195312,2025-09
238.0163421630859,2025-09
239.32383728027344,2025-09
239.2340087890625,2025-09
237.42745971679688,2025-09
233.9041748046875,2025-09
226.35855102539065,2025-09
229.59239196777344,2025-09
233.6247100830078,2025-09
236.24969482421875,2025-09
237.6969451904297,2025-09
238.5353546142578,2025-09
237.42745971679688,2025-09
245.032958984375,2025-09
255.5928192138672,2025-09
253.9459686279297,2025-09
251.8300018310547,2025-09
256.3813171386719,2025-09
254.97401428222656,2025-09
253.9459686279297,2025-09
254.1455993652344,2025-09
254.9640350341797,2025-10
256.6408386230469,2025-10
257.5291442871094,2025-10
256.20166015625,2025-10
255.9920959472656,2025-10
257.569091796875,2025-10
253.55670166015625,2025-10
244.80340576171875,2025-10
247.18885803222656,2025-10
247.29864501953125,2025-10
248.86566162109375,2025-10
246.9792633056641,2025-10
251.81002807617188,2025-10
261.7411193847656,2025-10
262.27008056640625,2025-10
257.9583435058594,2025-10
259.0861511230469,2025-10
262.3200378417969,2025-10
268.2986145019531,2025-10
268.4882507324219,2025-10
269.1869201660156,2025-10
270.8836669921875,2025-10
269.85565185546875,2025-10
268.53814697265625,2025-11
269.5262756347656,2025-11
269.6260986328125,2025-11
269.25677490234375,2025-11
267.9592590332031,2025-11
269.1781311035156,2025-11
274.99267578125,2025-11
273.21435546875,2025-11
272.6948547363281,2025-11
272.15533447265625,2025-11
267.2099609375,2025-11
267.19000244140625,2025-11
268.3089294433594,2025-11
266.0010986328125,2025-11
271.2361755371094,2025-11
275.6620788574219,2025-11
276.7110900878906,2025-11
277.29052734375,2025-11
278.5893249511719,2025-11
282.8353576660156,2025-12
285.9224548339844,2025-12
283.8843688964844,2025-12
280.4375915527344,2025-12
278.5193786621094,2025-12
277.6302185058594,2025-12
276.9208679199219,2025-12
278.5193786621094,2025-12
277.77008056640625,2025-12
278.0198669433594,2025-12
273.8537292480469,2025-12
274.353271484375,2025-12
271.58587646484375,2025-12
271.935546875,2025-12
273.4141845703125,2025-12
270.7166748046875,2025-12
272.1053771972656,2025-12
273.55401611328125,2025-12
273.1444091796875,2025-12
273.50408935546875,2025-12
272.82470703125,2025-12
271.6058349609375,2025-12
270.75665283203125,2026-01
267.0101623535156,2026-01
262.1147155761719,2026-01
260.08660888671875,2026-01
258.7978515625,2026-01
259.1275329589844,2026-01
260.0067138671875,2026-01
260.8059387207031,2026-01
259.71697998046875,2026-01
257.9685974121094,2026-01
255.29112243652344,2026-01
246.46937561035156,2026-01
247.41848754882812,2026-01
248.1178436279297,2026-01
247.80812072753903,2026-01
255.17123413085935,2026-01
258.0285339355469,2026-01
256.2002868652344,2026-01
258.0385437011719,2026-01
259.2374267578125,2026-01
269.7575988769531,2026-02
269.22808837890625,2026-02
276.23150634765625,2026-02
275.6520690917969,2026-02
277.8599853515625,2026-02
274.6199951171875,2026-02
273.67999267578125,2026-02
275.5,2026-02
261.7300109863281,2026-02
255.77999877929688,2026-02
263.8800048828125,2026-02
264.3500061035156,2026-02
260.5799865722656,2026-02
264.5799865722656,2026-02
266.17999267578125,2026-02
272.1400146484375,2026-02
274.2300109863281,2026-02
272.95001220703125,2026-02
264.17999267578125,2026-02
264.7200012207031,2026-03
263.75,2026-03
262.5199890136719,2026-03
260.2900085449219,2026-03
257.4599914550781,2026-03
259.8800048828125,2026-03
260.8299865722656,2026-03
